ADC,Add with carry
AND,And (with accumulator)
ASL,Arithmetic shift left
BIT,Bit test
BRK,break / interrupt
CLC,clear carry
CLD,clear decimal
CLI,clear interrupt disable
CLV,clera overflow
CMP,compare (with accumulator)
CPX,compare with X register
CPY,compare with Y register
DEC,decrement
DEX,decrement X register
DEY,decrement Y register
EOR,exclusive-or (with accumulator)
INC,increment
INX,increment X register
INY,increment Y register
JMP,jump jump jump jump
JSR,jump subroutine (paired with RTS)
LDA,load accumulator
LDX,load X register
LSR,logical shift right
NOP,no operation
ORA,or with accumulator
PHA,push accumulator
PHP,push processor status
PLA,pull accumulator
PLP,pull proccessor status
ROL,rotate left
ROR,rotate right
RTI,return from interrupt
RTS,return from subroutine (paired with JSR)
SBC,subtract with carry
SEC,set carry
SED,set decimal
SEI,set interrupt disable
STA,store accumulator
STX,store X register
STY,store Y register
TAX,transfer accumulator to X register
TAY,transfer accumulator to Y register
TSX,transfer stack pointer to X register
TXA,transfer X register to accumulator
TXS,transfer X register to stack pointer
TYA,transfer Y to accumulator
BCC,branch on carry clear
BCS,branch on carry set
BEQ,branch on equal (zero flag set)
BMI,branch on minues (negative flag set)
BNE,branch not equal (zero clear)
BPL,branch on plus (negative clear)
BVC,branch on overflow clear
BCS,branch on overfloat set

What branch for <	BCC
What branch for >=	BCS
What branch for ==	BEQ
What branch for !=	BNE
What are the processor status flags?	C Carry  Z Zero  I Interrupt Disable  D Decimal mode  B Break command  V Overflow  N Negative
What addressing mode is ***,X	X register indexed absolute addressing. Take the 16 address from the operand and add X register
What addressing mode is ***,Y	Y register indexed absolute addressing. Take the 16 address from the operand and add Y register
What addressing mode is JMP ($1234)	Indirect. Go to the address indicated, use the two bytes there as an address to jump to  JMP is the only instruction that can do it.
What addressing mode is LDA ($40,X)	Indexed Indirect.  Take the zero-page address as the base of a table of pointers.  Use X to find the X'th item. Then grab the two bytes there to use as an address. X is the only register that can be used for this
What addressing mode is LDA ($40),Y	Indirect Indexed. One of the most common indirect addressing modes.  A zero-page location has a 16-bit address.  Take that, then add Y.  Y is the only register that can be used for this.
What is the RTS JMP trick?	A way of faking an indirect JMP by explicitly pushing an address (minus one) on the stack, then calling RTS
LDY	Load Y register from operand  Can change: Z N

